id,answer
TEST_0000,인하대학교
TEST_0001,인하대학교
TEST_0002,인하대학교
TEST_0003,인하대학교
TEST_0004,인하대학교
TEST_0005,인하대학교
TEST_0006,인하대학교
TEST_0007,인하대학교
TEST_0008,인하대학교
TEST_0009,인하대학교
TEST_0010,인하대학교
TEST_0011,인하대학교
TEST_0012,인하대학교
TEST_0013,인하대학교
TEST_0014,인하대학교
TEST_0015,인하대학교
TEST_0016,인하대학교
TEST_0017,인하대학교
TEST_0018,인하대학교
TEST_0019,인하대학교
TEST_0020,인하대학교
TEST_0021,인하대학교
TEST_0022,인하대학교
TEST_0023,인하대학교
TEST_0024,인하대학교
TEST_0025,인하대학교
TEST_0026,인하대학교
TEST_0027,인하대학교
TEST_0028,인하대학교
TEST_0029,인하대학교
TEST_0030,인하대학교
TEST_0031,인하대학교
TEST_0032,인하대학교
TEST_0033,인하대학교
TEST_0034,인하대학교
TEST_0035,인하대학교
TEST_0036,인하대학교
TEST_0037,인하대학교
TEST_0038,인하대학교
TEST_0039,인하대학교
TEST_0040,인하대학교
TEST_0041,인하대학교
TEST_0042,인하대학교
TEST_0043,인하대학교
TEST_0044,인하대학교
TEST_0045,인하대학교
TEST_0046,인하대학교
TEST_0047,인하대학교
TEST_0048,인하대학교
TEST_0049,인하대학교
TEST_0050,인하대학교
TEST_0051,인하대학교
TEST_0052,인하대학교
TEST_0053,인하대학교
TEST_0054,인하대학교
TEST_0055,인하대학교
TEST_0056,인하대학교
TEST_0057,인하대학교
TEST_0058,인하대학교
TEST_0059,인하대학교
TEST_0060,인하대학교
TEST_0061,인하대학교
TEST_0062,인하대학교
TEST_0063,인하대학교
TEST_0064,인하대학교
TEST_0065,인하대학교
TEST_0066,인하대학교
TEST_0067,인하대학교
TEST_0068,인하대학교
TEST_0069,인하대학교
TEST_0070,인하대학교
TEST_0071,인하대학교
TEST_0072,인하대학교
TEST_0073,인하대학교
TEST_0074,인하대학교
TEST_0075,인하대학교
TEST_0076,인하대학교
TEST_0077,인하대학교
TEST_0078,인하대학교
TEST_0079,인하대학교
TEST_0080,인하대학교
TEST_0081,인하대학교
TEST_0082,인하대학교
TEST_0083,인하대학교
TEST_0084,인하대학교
TEST_0085,인하대학교
TEST_0086,인하대학교
TEST_0087,인하대학교
TEST_0088,인하대학교
TEST_0089,인하대학교
TEST_0090,인하대학교
TEST_0091,인하대학교
TEST_0092,인하대학교
TEST_0093,인하대학교
TEST_0094,인하대학교
TEST_0095,인하대학교
TEST_0096,인하대학교
TEST_0097,인하대학교
TEST_0098,인하대학교
TEST_0099,인하대학교
TEST_0100,인하대학교
TEST_0101,인하대학교
TEST_0102,인하대학교
TEST_0103,인하대학교
TEST_0104,인하대학교
TEST_0105,인하대학교
TEST_0106,인하대학교
TEST_0107,인하대학교
TEST_0108,인하대학교
TEST_0109,인하대학교
TEST_0110,인하대학교
TEST_0111,인하대학교
TEST_0112,인하대학교
TEST_0113,인하대학교
TEST_0114,인하대학교
TEST_0115,인하대학교
TEST_0116,인하대학교
TEST_0117,인하대학교
TEST_0118,인하대학교
TEST_0119,인하대학교
TEST_0120,인하대학교
TEST_0121,인하대학교
TEST_0122,인하대학교
TEST_0123,인하대학교
TEST_0124,인하대학교
TEST_0125,인하대학교
TEST_0126,인하대학교
TEST_0127,인하대학교
TEST_0128,인하대학교
TEST_0129,인하대학교
TEST_0130,인하대학교
TEST_0131,인하대학교
TEST_0132,인하대학교
TEST_0133,인하대학교
TEST_0134,인하대학교
TEST_0135,인하대학교
TEST_0136,인하대학교
TEST_0137,인하대학교
TEST_0138,인하대학교
TEST_0139,인하대학교
TEST_0140,인하대학교
TEST_0141,인하대학교
TEST_0142,인하대학교
TEST_0143,인하대학교
TEST_0144,인하대학교
TEST_0145,인하대학교
TEST_0146,인하대학교
TEST_0147,인하대학교
TEST_0148,인하대학교
TEST_0149,인하대학교
TEST_0150,인하대학교
TEST_0151,인하대학교
TEST_0152,인하대학교
TEST_0153,인하대학교
TEST_0154,인하대학교
TEST_0155,인하대학교
TEST_0156,인하대학교
TEST_0157,인하대학교
TEST_0158,인하대학교
TEST_0159,인하대학교
TEST_0160,인하대학교
TEST_0161,인하대학교
TEST_0162,인하대학교
TEST_0163,인하대학교
TEST_0164,인하대학교
TEST_0165,인하대학교
TEST_0166,인하대학교
TEST_0167,인하대학교
TEST_0168,인하대학교
TEST_0169,인하대학교
TEST_0170,인하대학교
TEST_0171,인하대학교
TEST_0172,인하대학교
TEST_0173,인하대학교
TEST_0174,인하대학교
TEST_0175,인하대학교
TEST_0176,인하대학교
TEST_0177,인하대학교
TEST_0178,인하대학교
TEST_0179,인하대학교
TEST_0180,인하대학교
TEST_0181,인하대학교
TEST_0182,인하대학교
TEST_0183,인하대학교
TEST_0184,인하대학교
TEST_0185,인하대학교
TEST_0186,인하대학교
TEST_0187,인하대학교
TEST_0188,인하대학교
TEST_0189,인하대학교
TEST_0190,인하대학교
TEST_0191,인하대학교
TEST_0192,인하대학교
TEST_0193,인하대학교
TEST_0194,인하대학교
TEST_0195,인하대학교
TEST_0196,인하대학교
TEST_0197,인하대학교
TEST_0198,인하대학교
TEST_0199,인하대학교
TEST_0200,인하대학교
TEST_0201,인하대학교
TEST_0202,인하대학교
TEST_0203,인하대학교
TEST_0204,인하대학교
TEST_0205,인하대학교
TEST_0206,인하대학교
TEST_0207,인하대학교
TEST_0208,인하대학교
TEST_0209,인하대학교
TEST_0210,인하대학교
TEST_0211,인하대학교
TEST_0212,인하대학교
TEST_0213,인하대학교
TEST_0214,인하대학교
TEST_0215,인하대학교
TEST_0216,인하대학교
TEST_0217,인하대학교
TEST_0218,인하대학교
TEST_0219,인하대학교
TEST_0220,인하대학교
TEST_0221,인하대학교
TEST_0222,인하대학교
TEST_0223,인하대학교
TEST_0224,인하대학교
TEST_0225,인하대학교
TEST_0226,인하대학교
TEST_0227,인하대학교
TEST_0228,인하대학교
TEST_0229,인하대학교
TEST_0230,인하대학교
TEST_0231,인하대학교
TEST_0232,인하대학교
TEST_0233,인하대학교
TEST_0234,인하대학교
TEST_0235,인하대학교
TEST_0236,인하대학교
TEST_0237,인하대학교
TEST_0238,인하대학교
TEST_0239,인하대학교
TEST_0240,인하대학교
TEST_0241,인하대학교
TEST_0242,인하대학교
TEST_0243,인하대학교
TEST_0244,인하대학교
TEST_0245,인하대학교
TEST_0246,인하대학교
TEST_0247,인하대학교
TEST_0248,인하대학교
TEST_0249,인하대학교
TEST_0250,인하대학교
TEST_0251,인하대학교
TEST_0252,인하대학교
TEST_0253,인하대학교
TEST_0254,인하대학교
TEST_0255,인하대학교
TEST_0256,인하대학교
TEST_0257,인하대학교
TEST_0258,인하대학교
TEST_0259,인하대학교
TEST_0260,인하대학교
TEST_0261,인하대학교
TEST_0262,인하대학교
TEST_0263,인하대학교
TEST_0264,인하대학교
TEST_0265,인하대학교
TEST_0266,인하대학교
TEST_0267,인하대학교
TEST_0268,인하대학교
TEST_0269,인하대학교
TEST_0270,인하대학교
TEST_0271,인하대학교
TEST_0272,인하대학교
TEST_0273,인하대학교
TEST_0274,인하대학교
TEST_0275,인하대학교
TEST_0276,인하대학교
TEST_0277,인하대학교
TEST_0278,인하대학교
TEST_0279,인하대학교
TEST_0280,인하대학교
TEST_0281,인하대학교
TEST_0282,인하대학교
TEST_0283,인하대학교
TEST_0284,인하대학교
TEST_0285,인하대학교
TEST_0286,인하대학교
TEST_0287,인하대학교
TEST_0288,인하대학교
TEST_0289,인하대학교
TEST_0290,인하대학교
TEST_0291,인하대학교
TEST_0292,인하대학교
TEST_0293,인하대학교
TEST_0294,인하대학교
TEST_0295,인하대학교
TEST_0296,인하대학교
TEST_0297,인하대학교
TEST_0298,인하대학교
TEST_0299,인하대학교
TEST_0300,인하대학교
TEST_0301,인하대학교
TEST_0302,인하대학교
TEST_0303,인하대학교
TEST_0304,인하대학교
TEST_0305,인하대학교
TEST_0306,인하대학교
TEST_0307,인하대학교
TEST_0308,인하대학교
TEST_0309,인하대학교
TEST_0310,인하대학교
TEST_0311,인하대학교
TEST_0312,인하대학교
TEST_0313,인하대학교
TEST_0314,인하대학교
TEST_0315,인하대학교
TEST_0316,인하대학교
TEST_0317,인하대학교
TEST_0318,인하대학교
TEST_0319,인하대학교
TEST_0320,인하대학교
TEST_0321,인하대학교
TEST_0322,인하대학교
TEST_0323,인하대학교
TEST_0324,인하대학교
TEST_0325,인하대학교
TEST_0326,인하대학교
TEST_0327,인하대학교
TEST_0328,인하대학교
TEST_0329,인하대학교
TEST_0330,인하대학교
TEST_0331,인하대학교
TEST_0332,인하대학교
TEST_0333,인하대학교
TEST_0334,인하대학교
TEST_0335,인하대학교
TEST_0336,인하대학교
TEST_0337,인하대학교
TEST_0338,인하대학교
TEST_0339,인하대학교
TEST_0340,인하대학교
TEST_0341,인하대학교
TEST_0342,인하대학교
TEST_0343,인하대학교
TEST_0344,인하대학교
TEST_0345,인하대학교
TEST_0346,인하대학교
TEST_0347,인하대학교
TEST_0348,인하대학교
TEST_0349,인하대학교
TEST_0350,인하대학교
TEST_0351,인하대학교
TEST_0352,인하대학교
TEST_0353,인하대학교
TEST_0354,인하대학교
TEST_0355,인하대학교
TEST_0356,인하대학교
TEST_0357,인하대학교
TEST_0358,인하대학교
TEST_0359,인하대학교
TEST_0360,인하대학교
TEST_0361,인하대학교
TEST_0362,인하대학교
TEST_0363,인하대학교
TEST_0364,인하대학교
TEST_0365,인하대학교
TEST_0366,인하대학교
TEST_0367,인하대학교
TEST_0368,인하대학교
TEST_0369,인하대학교
TEST_0370,인하대학교
TEST_0371,인하대학교
TEST_0372,인하대학교
TEST_0373,인하대학교
TEST_0374,인하대학교
TEST_0375,인하대학교
TEST_0376,인하대학교
TEST_0377,인하대학교
TEST_0378,인하대학교
TEST_0379,인하대학교
TEST_0380,인하대학교
TEST_0381,인하대학교
TEST_0382,인하대학교
TEST_0383,인하대학교
TEST_0384,인하대학교
TEST_0385,인하대학교
TEST_0386,인하대학교
TEST_0387,인하대학교
TEST_0388,인하대학교
TEST_0389,인하대학교
TEST_0390,인하대학교
TEST_0391,인하대학교
TEST_0392,인하대학교
TEST_0393,인하대학교
TEST_0394,인하대학교
TEST_0395,인하대학교
TEST_0396,인하대학교
TEST_0397,인하대학교
TEST_0398,인하대학교
TEST_0399,인하대학교
TEST_0400,인하대학교
TEST_0401,인하대학교
TEST_0402,인하대학교
TEST_0403,인하대학교
TEST_0404,인하대학교
TEST_0405,인하대학교
TEST_0406,인하대학교
TEST_0407,인하대학교
TEST_0408,인하대학교
TEST_0409,인하대학교
TEST_0410,인하대학교
TEST_0411,인하대학교
TEST_0412,인하대학교
TEST_0413,인하대학교
TEST_0414,인하대학교
TEST_0415,인하대학교
TEST_0416,인하대학교
TEST_0417,인하대학교
TEST_0418,인하대학교
TEST_0419,인하대학교
TEST_0420,인하대학교
TEST_0421,인하대학교
TEST_0422,인하대학교
TEST_0423,인하대학교
TEST_0424,인하대학교
TEST_0425,인하대학교
TEST_0426,인하대학교
TEST_0427,인하대학교
TEST_0428,인하대학교
TEST_0429,인하대학교
TEST_0430,인하대학교
TEST_0431,인하대학교
TEST_0432,인하대학교
TEST_0433,인하대학교
TEST_0434,인하대학교
TEST_0435,인하대학교
TEST_0436,인하대학교
TEST_0437,인하대학교
TEST_0438,인하대학교
TEST_0439,인하대학교
TEST_0440,인하대학교
TEST_0441,인하대학교
TEST_0442,인하대학교
TEST_0443,인하대학교
TEST_0444,인하대학교
TEST_0445,인하대학교
TEST_0446,인하대학교
TEST_0447,인하대학교
TEST_0448,인하대학교
TEST_0449,인하대학교
TEST_0450,인하대학교
TEST_0451,인하대학교
TEST_0452,인하대학교
TEST_0453,인하대학교
TEST_0454,인하대학교
TEST_0455,인하대학교
TEST_0456,인하대학교
TEST_0457,인하대학교
TEST_0458,인하대학교
TEST_0459,인하대학교
TEST_0460,인하대학교
TEST_0461,인하대학교
TEST_0462,인하대학교
TEST_0463,인하대학교
TEST_0464,인하대학교
TEST_0465,인하대학교
TEST_0466,인하대학교
TEST_0467,인하대학교
TEST_0468,인하대학교
TEST_0469,인하대학교
TEST_0470,인하대학교
TEST_0471,인하대학교
TEST_0472,인하대학교
TEST_0473,인하대학교
TEST_0474,인하대학교
TEST_0475,인하대학교
TEST_0476,인하대학교
TEST_0477,인하대학교
TEST_0478,인하대학교
TEST_0479,인하대학교
TEST_0480,인하대학교
TEST_0481,인하대학교
TEST_0482,인하대학교
TEST_0483,인하대학교
TEST_0484,인하대학교
TEST_0485,인하대학교
TEST_0486,인하대학교
TEST_0487,인하대학교
TEST_0488,인하대학교
TEST_0489,인하대학교
TEST_0490,인하대학교
TEST_0491,인하대학교
TEST_0492,인하대학교
TEST_0493,인하대학교
TEST_0494,인하대학교
TEST_0495,인하대학교
TEST_0496,인하대학교
TEST_0497,인하대학교
TEST_0498,인하대학교
TEST_0499,인하대학교
TEST_0500,인하대학교
TEST_0501,인하대학교
TEST_0502,인하대학교
TEST_0503,인하대학교
TEST_0504,인하대학교
TEST_0505,인하대학교
TEST_0506,인하대학교
TEST_0507,인하대학교
TEST_0508,인하대학교
TEST_0509,인하대학교
TEST_0510,인하대학교
TEST_0511,인하대학교
TEST_0512,인하대학교
TEST_0513,인하대학교
TEST_0514,인하대학교
TEST_0515,인하대학교
TEST_0516,인하대학교
TEST_0517,인하대학교
TEST_0518,인하대학교
TEST_0519,인하대학교
TEST_0520,인하대학교
TEST_0521,인하대학교
TEST_0522,인하대학교
TEST_0523,인하대학교
TEST_0524,인하대학교
TEST_0525,인하대학교
TEST_0526,인하대학교
TEST_0527,인하대학교
TEST_0528,인하대학교
TEST_0529,인하대학교
TEST_0530,인하대학교
TEST_0531,인하대학교
TEST_0532,인하대학교
TEST_0533,인하대학교
TEST_0534,인하대학교
TEST_0535,인하대학교
TEST_0536,인하대학교
TEST_0537,인하대학교
TEST_0538,인하대학교
TEST_0539,인하대학교
TEST_0540,인하대학교
TEST_0541,인하대학교
TEST_0542,인하대학교
TEST_0543,인하대학교
TEST_0544,인하대학교
TEST_0545,인하대학교
TEST_0546,인하대학교
TEST_0547,인하대학교
TEST_0548,인하대학교
TEST_0549,인하대학교
TEST_0550,인하대학교
TEST_0551,인하대학교
TEST_0552,인하대학교
TEST_0553,인하대학교
TEST_0554,인하대학교
TEST_0555,인하대학교
TEST_0556,인하대학교
TEST_0557,인하대학교
TEST_0558,인하대학교
TEST_0559,인하대학교
TEST_0560,인하대학교
TEST_0561,인하대학교
TEST_0562,인하대학교
TEST_0563,인하대학교
TEST_0564,인하대학교
TEST_0565,인하대학교
TEST_0566,인하대학교
TEST_0567,인하대학교
TEST_0568,인하대학교
TEST_0569,인하대학교
TEST_0570,인하대학교
TEST_0571,인하대학교
TEST_0572,인하대학교
TEST_0573,인하대학교
TEST_0574,인하대학교
TEST_0575,인하대학교
TEST_0576,인하대학교
TEST_0577,인하대학교
TEST_0578,인하대학교
TEST_0579,인하대학교
TEST_0580,인하대학교
TEST_0581,인하대학교
TEST_0582,인하대학교
TEST_0583,인하대학교
TEST_0584,인하대학교
TEST_0585,인하대학교
TEST_0586,인하대학교
TEST_0587,인하대학교
TEST_0588,인하대학교
TEST_0589,인하대학교
TEST_0590,인하대학교
TEST_0591,인하대학교
TEST_0592,인하대학교
TEST_0593,인하대학교
TEST_0594,인하대학교
TEST_0595,인하대학교
TEST_0596,인하대학교
TEST_0597,인하대학교
TEST_0598,인하대학교
TEST_0599,인하대학교
TEST_0600,인하대학교
TEST_0601,인하대학교
TEST_0602,인하대학교
TEST_0603,인하대학교
TEST_0604,인하대학교
TEST_0605,인하대학교
TEST_0606,인하대학교
TEST_0607,인하대학교
TEST_0608,인하대학교
TEST_0609,인하대학교
TEST_0610,인하대학교
TEST_0611,인하대학교
TEST_0612,인하대학교
TEST_0613,인하대학교
TEST_0614,인하대학교
TEST_0615,인하대학교
TEST_0616,인하대학교
TEST_0617,인하대학교
TEST_0618,인하대학교
TEST_0619,인하대학교
TEST_0620,인하대학교
TEST_0621,인하대학교
TEST_0622,인하대학교
TEST_0623,인하대학교
TEST_0624,인하대학교
TEST_0625,인하대학교
TEST_0626,인하대학교
TEST_0627,인하대학교
TEST_0628,인하대학교
TEST_0629,인하대학교
TEST_0630,인하대학교
TEST_0631,인하대학교
TEST_0632,인하대학교
TEST_0633,인하대학교
TEST_0634,인하대학교
TEST_0635,인하대학교
TEST_0636,인하대학교
TEST_0637,인하대학교
TEST_0638,인하대학교
TEST_0639,인하대학교
TEST_0640,인하대학교
TEST_0641,인하대학교
TEST_0642,인하대학교
TEST_0643,인하대학교
TEST_0644,인하대학교
TEST_0645,인하대학교
TEST_0646,인하대학교
TEST_0647,인하대학교
TEST_0648,인하대학교
TEST_0649,인하대학교
TEST_0650,인하대학교
TEST_0651,인하대학교
TEST_0652,인하대학교
TEST_0653,인하대학교
TEST_0654,인하대학교
TEST_0655,인하대학교
TEST_0656,인하대학교
TEST_0657,인하대학교
TEST_0658,인하대학교
TEST_0659,인하대학교
TEST_0660,인하대학교
TEST_0661,인하대학교
TEST_0662,인하대학교
TEST_0663,인하대학교
TEST_0664,인하대학교
TEST_0665,인하대학교
TEST_0666,인하대학교
TEST_0667,인하대학교
TEST_0668,인하대학교
TEST_0669,인하대학교
TEST_0670,인하대학교
TEST_0671,인하대학교
TEST_0672,인하대학교
TEST_0673,인하대학교
TEST_0674,인하대학교
TEST_0675,인하대학교
TEST_0676,인하대학교
TEST_0677,인하대학교
TEST_0678,인하대학교
TEST_0679,인하대학교
TEST_0680,인하대학교
TEST_0681,인하대학교
TEST_0682,인하대학교
TEST_0683,인하대학교
TEST_0684,인하대학교
TEST_0685,인하대학교
TEST_0686,인하대학교
TEST_0687,인하대학교
TEST_0688,인하대학교
TEST_0689,인하대학교
TEST_0690,인하대학교
TEST_0691,인하대학교
TEST_0692,인하대학교
TEST_0693,인하대학교
TEST_0694,인하대학교
TEST_0695,인하대학교
TEST_0696,인하대학교
TEST_0697,인하대학교
TEST_0698,인하대학교
TEST_0699,인하대학교
TEST_0700,인하대학교
TEST_0701,인하대학교
TEST_0702,인하대학교
TEST_0703,인하대학교
TEST_0704,인하대학교
TEST_0705,인하대학교
TEST_0706,인하대학교
TEST_0707,인하대학교
TEST_0708,인하대학교
TEST_0709,인하대학교
TEST_0710,인하대학교
TEST_0711,인하대학교
TEST_0712,인하대학교
TEST_0713,인하대학교
TEST_0714,인하대학교
TEST_0715,인하대학교
TEST_0716,인하대학교
TEST_0717,인하대학교
TEST_0718,인하대학교
TEST_0719,인하대학교
TEST_0720,인하대학교
TEST_0721,인하대학교
TEST_0722,인하대학교
TEST_0723,인하대학교
TEST_0724,인하대학교
TEST_0725,인하대학교
TEST_0726,인하대학교
TEST_0727,인하대학교
TEST_0728,인하대학교
TEST_0729,인하대학교
TEST_0730,인하대학교
TEST_0731,인하대학교
TEST_0732,인하대학교
TEST_0733,인하대학교
TEST_0734,인하대학교
TEST_0735,인하대학교
TEST_0736,인하대학교
TEST_0737,인하대학교
TEST_0738,인하대학교
TEST_0739,인하대학교
TEST_0740,인하대학교
TEST_0741,인하대학교
TEST_0742,인하대학교
TEST_0743,인하대학교
TEST_0744,인하대학교
TEST_0745,인하대학교
TEST_0746,인하대학교
TEST_0747,인하대학교
TEST_0748,인하대학교
TEST_0749,인하대학교
TEST_0750,인하대학교
TEST_0751,인하대학교
TEST_0752,인하대학교
TEST_0753,인하대학교
TEST_0754,인하대학교
TEST_0755,인하대학교
TEST_0756,인하대학교
TEST_0757,인하대학교
TEST_0758,인하대학교
TEST_0759,인하대학교
TEST_0760,인하대학교
TEST_0761,인하대학교
TEST_0762,인하대학교
TEST_0763,인하대학교
TEST_0764,인하대학교
TEST_0765,인하대학교
TEST_0766,인하대학교
TEST_0767,인하대학교
TEST_0768,인하대학교
TEST_0769,인하대학교
TEST_0770,인하대학교
TEST_0771,인하대학교
TEST_0772,인하대학교
TEST_0773,인하대학교
TEST_0774,인하대학교
TEST_0775,인하대학교
TEST_0776,인하대학교
TEST_0777,인하대학교
TEST_0778,인하대학교
TEST_0779,인하대학교
TEST_0780,인하대학교
TEST_0781,인하대학교
TEST_0782,인하대학교
TEST_0783,인하대학교
TEST_0784,인하대학교
TEST_0785,인하대학교
TEST_0786,인하대학교
TEST_0787,인하대학교
TEST_0788,인하대학교
TEST_0789,인하대학교
TEST_0790,인하대학교
TEST_0791,인하대학교
TEST_0792,인하대학교
TEST_0793,인하대학교
TEST_0794,인하대학교
TEST_0795,인하대학교
TEST_0796,인하대학교
TEST_0797,인하대학교
TEST_0798,인하대학교
TEST_0799,인하대학교
TEST_0800,인하대학교
TEST_0801,인하대학교
TEST_0802,인하대학교
TEST_0803,인하대학교
TEST_0804,인하대학교
TEST_0805,인하대학교
TEST_0806,인하대학교
TEST_0807,인하대학교
TEST_0808,인하대학교
TEST_0809,인하대학교
TEST_0810,인하대학교
TEST_0811,인하대학교
TEST_0812,인하대학교
TEST_0813,인하대학교
TEST_0814,인하대학교
TEST_0815,인하대학교
TEST_0816,인하대학교
TEST_0817,인하대학교
TEST_0818,인하대학교
TEST_0819,인하대학교
TEST_0820,인하대학교
TEST_0821,인하대학교
TEST_0822,인하대학교
TEST_0823,인하대학교
TEST_0824,인하대학교
TEST_0825,인하대학교
TEST_0826,인하대학교
TEST_0827,인하대학교
TEST_0828,인하대학교
TEST_0829,인하대학교
TEST_0830,인하대학교
TEST_0831,인하대학교
TEST_0832,인하대학교
TEST_0833,인하대학교
TEST_0834,인하대학교
TEST_0835,인하대학교
TEST_0836,인하대학교
TEST_0837,인하대학교
TEST_0838,인하대학교
TEST_0839,인하대학교
TEST_0840,인하대학교
TEST_0841,인하대학교
TEST_0842,인하대학교
TEST_0843,인하대학교
TEST_0844,인하대학교
TEST_0845,인하대학교
TEST_0846,인하대학교
TEST_0847,인하대학교
TEST_0848,인하대학교
TEST_0849,인하대학교
TEST_0850,인하대학교
TEST_0851,인하대학교
TEST_0852,인하대학교
TEST_0853,인하대학교
TEST_0854,인하대학교
TEST_0855,인하대학교
TEST_0856,인하대학교
TEST_0857,인하대학교
TEST_0858,인하대학교
TEST_0859,인하대학교
TEST_0860,인하대학교
TEST_0861,인하대학교
TEST_0862,인하대학교
TEST_0863,인하대학교
TEST_0864,인하대학교
TEST_0865,인하대학교
TEST_0866,인하대학교
TEST_0867,인하대학교
TEST_0868,인하대학교
TEST_0869,인하대학교
TEST_0870,인하대학교
TEST_0871,인하대학교
TEST_0872,인하대학교
TEST_0873,인하대학교
TEST_0874,인하대학교
TEST_0875,인하대학교
TEST_0876,인하대학교
TEST_0877,인하대학교
TEST_0878,인하대학교
TEST_0879,인하대학교
TEST_0880,인하대학교
TEST_0881,인하대학교
TEST_0882,인하대학교
TEST_0883,인하대학교
TEST_0884,인하대학교
TEST_0885,인하대학교
TEST_0886,인하대학교
TEST_0887,인하대학교
TEST_0888,인하대학교
TEST_0889,인하대학교
TEST_0890,인하대학교
TEST_0891,인하대학교
TEST_0892,인하대학교
TEST_0893,인하대학교
TEST_0894,인하대학교
TEST_0895,인하대학교
TEST_0896,인하대학교
TEST_0897,인하대학교
TEST_0898,인하대학교
TEST_0899,인하대학교
TEST_0900,인하대학교
TEST_0901,인하대학교
TEST_0902,인하대학교
TEST_0903,인하대학교
TEST_0904,인하대학교
TEST_0905,인하대학교
TEST_0906,인하대학교
TEST_0907,인하대학교
TEST_0908,인하대학교
TEST_0909,인하대학교
TEST_0910,인하대학교
TEST_0911,인하대학교
TEST_0912,인하대학교
TEST_0913,인하대학교
TEST_0914,인하대학교
TEST_0915,인하대학교
TEST_0916,인하대학교
TEST_0917,인하대학교
TEST_0918,인하대학교
TEST_0919,인하대학교
TEST_0920,인하대학교
TEST_0921,인하대학교
TEST_0922,인하대학교
TEST_0923,인하대학교
TEST_0924,인하대학교
TEST_0925,인하대학교
TEST_0926,인하대학교
TEST_0927,인하대학교
TEST_0928,인하대학교
TEST_0929,인하대학교
TEST_0930,인하대학교
TEST_0931,인하대학교
TEST_0932,인하대학교
TEST_0933,인하대학교
TEST_0934,인하대학교
TEST_0935,인하대학교
TEST_0936,인하대학교
TEST_0937,인하대학교
TEST_0938,인하대학교
TEST_0939,인하대학교
TEST_0940,인하대학교
TEST_0941,인하대학교
TEST_0942,인하대학교
TEST_0943,인하대학교
TEST_0944,인하대학교
TEST_0945,인하대학교
TEST_0946,인하대학교
TEST_0947,인하대학교
TEST_0948,인하대학교
TEST_0949,인하대학교
TEST_0950,인하대학교
TEST_0951,인하대학교
TEST_0952,인하대학교
TEST_0953,인하대학교
TEST_0954,인하대학교
TEST_0955,인하대학교
TEST_0956,인하대학교
TEST_0957,인하대학교
TEST_0958,인하대학교
TEST_0959,인하대학교
TEST_0960,인하대학교
TEST_0961,인하대학교
TEST_0962,인하대학교
TEST_0963,인하대학교
TEST_0964,인하대학교
TEST_0965,인하대학교
TEST_0966,인하대학교
TEST_0967,인하대학교
TEST_0968,인하대학교
TEST_0969,인하대학교
TEST_0970,인하대학교
TEST_0971,인하대학교
TEST_0972,인하대학교
TEST_0973,인하대학교
TEST_0974,인하대학교
TEST_0975,인하대학교
TEST_0976,인하대학교
TEST_0977,인하대학교
TEST_0978,인하대학교
TEST_0979,인하대학교
TEST_0980,인하대학교
TEST_0981,인하대학교
TEST_0982,인하대학교
TEST_0983,인하대학교
TEST_0984,인하대학교
TEST_0985,인하대학교
TEST_0986,인하대학교
TEST_0987,인하대학교
TEST_0988,인하대학교
TEST_0989,인하대학교
TEST_0990,인하대학교
TEST_0991,인하대학교
TEST_0992,인하대학교
TEST_0993,인하대학교
TEST_0994,인하대학교
TEST_0995,인하대학교
TEST_0996,인하대학교
TEST_0997,인하대학교
TEST_0998,인하대학교
TEST_0999,인하대학교
TEST_1000,인하대학교
TEST_1001,인하대학교
TEST_1002,인하대학교
TEST_1003,인하대학교
TEST_1004,인하대학교
TEST_1005,인하대학교
TEST_1006,인하대학교
TEST_1007,인하대학교
TEST_1008,인하대학교
TEST_1009,인하대학교
TEST_1010,인하대학교
TEST_1011,인하대학교
TEST_1012,인하대학교
TEST_1013,인하대학교
TEST_1014,인하대학교
TEST_1015,인하대학교
TEST_1016,인하대학교
TEST_1017,인하대학교
TEST_1018,인하대학교
TEST_1019,인하대학교
TEST_1020,인하대학교
TEST_1021,인하대학교
TEST_1022,인하대학교
TEST_1023,인하대학교
TEST_1024,인하대학교
TEST_1025,인하대학교
TEST_1026,인하대학교
TEST_1027,인하대학교
TEST_1028,인하대학교
TEST_1029,인하대학교
TEST_1030,인하대학교
TEST_1031,인하대학교
TEST_1032,인하대학교
TEST_1033,인하대학교
TEST_1034,인하대학교
TEST_1035,인하대학교
TEST_1036,인하대학교
TEST_1037,인하대학교
TEST_1038,인하대학교
TEST_1039,인하대학교
TEST_1040,인하대학교
TEST_1041,인하대학교
TEST_1042,인하대학교
TEST_1043,인하대학교
TEST_1044,인하대학교
TEST_1045,인하대학교
TEST_1046,인하대학교
TEST_1047,인하대학교
TEST_1048,인하대학교
TEST_1049,인하대학교
TEST_1050,인하대학교
TEST_1051,인하대학교
TEST_1052,인하대학교
TEST_1053,인하대학교
TEST_1054,인하대학교
TEST_1055,인하대학교
TEST_1056,인하대학교
TEST_1057,인하대학교
TEST_1058,인하대학교
TEST_1059,인하대학교
TEST_1060,인하대학교
TEST_1061,인하대학교
TEST_1062,인하대학교
TEST_1063,인하대학교
TEST_1064,인하대학교
TEST_1065,인하대학교
TEST_1066,인하대학교
TEST_1067,인하대학교
TEST_1068,인하대학교
TEST_1069,인하대학교
TEST_1070,인하대학교
TEST_1071,인하대학교
TEST_1072,인하대학교
TEST_1073,인하대학교
TEST_1074,인하대학교
TEST_1075,인하대학교
TEST_1076,인하대학교
TEST_1077,인하대학교
TEST_1078,인하대학교
TEST_1079,인하대학교
TEST_1080,인하대학교
TEST_1081,인하대학교
TEST_1082,인하대학교
TEST_1083,인하대학교
TEST_1084,인하대학교
TEST_1085,인하대학교
TEST_1086,인하대학교
TEST_1087,인하대학교
TEST_1088,인하대학교
TEST_1089,인하대학교
TEST_1090,인하대학교
TEST_1091,인하대학교
TEST_1092,인하대학교
TEST_1093,인하대학교
TEST_1094,인하대학교
TEST_1095,인하대학교
TEST_1096,인하대학교
TEST_1097,인하대학교
TEST_1098,인하대학교
TEST_1099,인하대학교
TEST_1100,인하대학교
TEST_1101,인하대학교
TEST_1102,인하대학교
TEST_1103,인하대학교
TEST_1104,인하대학교
TEST_1105,인하대학교
TEST_1106,인하대학교
TEST_1107,인하대학교
TEST_1108,인하대학교
TEST_1109,인하대학교
TEST_1110,인하대학교
TEST_1111,인하대학교
TEST_1112,인하대학교
TEST_1113,인하대학교
TEST_1114,인하대학교
TEST_1115,인하대학교
TEST_1116,인하대학교
TEST_1117,인하대학교
TEST_1118,인하대학교
TEST_1119,인하대학교
TEST_1120,인하대학교
TEST_1121,인하대학교
TEST_1122,인하대학교
TEST_1123,인하대학교
TEST_1124,인하대학교
TEST_1125,인하대학교
TEST_1126,인하대학교
TEST_1127,인하대학교
TEST_1128,인하대학교
TEST_1129,인하대학교
TEST_1130,인하대학교
TEST_1131,인하대학교
TEST_1132,인하대학교
TEST_1133,인하대학교
TEST_1134,인하대학교
TEST_1135,인하대학교
TEST_1136,인하대학교
TEST_1137,인하대학교
TEST_1138,인하대학교
TEST_1139,인하대학교
TEST_1140,인하대학교
TEST_1141,인하대학교
TEST_1142,인하대학교
TEST_1143,인하대학교
TEST_1144,인하대학교
TEST_1145,인하대학교
TEST_1146,인하대학교
TEST_1147,인하대학교
TEST_1148,인하대학교
TEST_1149,인하대학교
TEST_1150,인하대학교
TEST_1151,인하대학교
TEST_1152,인하대학교
TEST_1153,인하대학교
TEST_1154,인하대학교
TEST_1155,인하대학교
TEST_1156,인하대학교
TEST_1157,인하대학교
TEST_1158,인하대학교
TEST_1159,인하대학교
TEST_1160,인하대학교
TEST_1161,인하대학교
TEST_1162,인하대학교
TEST_1163,인하대학교
TEST_1164,인하대학교
TEST_1165,인하대학교
TEST_1166,인하대학교
TEST_1167,인하대학교
TEST_1168,인하대학교
TEST_1169,인하대학교
TEST_1170,인하대학교
TEST_1171,인하대학교
TEST_1172,인하대학교
TEST_1173,인하대학교
TEST_1174,인하대학교
TEST_1175,인하대학교
TEST_1176,인하대학교
TEST_1177,인하대학교
TEST_1178,인하대학교
TEST_1179,인하대학교
TEST_1180,인하대학교
TEST_1181,인하대학교
TEST_1182,인하대학교
TEST_1183,인하대학교
TEST_1184,인하대학교
TEST_1185,인하대학교
TEST_1186,인하대학교
TEST_1187,인하대학교
TEST_1188,인하대학교
TEST_1189,인하대학교
TEST_1190,인하대학교
TEST_1191,인하대학교
TEST_1192,인하대학교
TEST_1193,인하대학교
TEST_1194,인하대학교
TEST_1195,인하대학교
TEST_1196,인하대학교
TEST_1197,인하대학교
TEST_1198,인하대학교
TEST_1199,인하대학교
TEST_1200,인하대학교
TEST_1201,인하대학교
TEST_1202,인하대학교
TEST_1203,인하대학교
TEST_1204,인하대학교
TEST_1205,인하대학교
TEST_1206,인하대학교
TEST_1207,인하대학교
TEST_1208,인하대학교
TEST_1209,인하대학교
TEST_1210,인하대학교
TEST_1211,인하대학교
TEST_1212,인하대학교
TEST_1213,인하대학교
TEST_1214,인하대학교
TEST_1215,인하대학교
TEST_1216,인하대학교
TEST_1217,인하대학교
TEST_1218,인하대학교
TEST_1219,인하대학교
TEST_1220,인하대학교
TEST_1221,인하대학교
TEST_1222,인하대학교
TEST_1223,인하대학교
TEST_1224,인하대학교
TEST_1225,인하대학교
TEST_1226,인하대학교
TEST_1227,인하대학교
TEST_1228,인하대학교
TEST_1229,인하대학교
TEST_1230,인하대학교
TEST_1231,인하대학교
TEST_1232,인하대학교
TEST_1233,인하대학교
TEST_1234,인하대학교
TEST_1235,인하대학교
TEST_1236,인하대학교
TEST_1237,인하대학교
TEST_1238,인하대학교
TEST_1239,인하대학교
TEST_1240,인하대학교
TEST_1241,인하대학교
TEST_1242,인하대학교
TEST_1243,인하대학교
TEST_1244,인하대학교
TEST_1245,인하대학교
TEST_1246,인하대학교
TEST_1247,인하대학교
TEST_1248,인하대학교
TEST_1249,인하대학교
TEST_1250,인하대학교
TEST_1251,인하대학교
TEST_1252,인하대학교
TEST_1253,인하대학교
TEST_1254,인하대학교
TEST_1255,인하대학교
TEST_1256,인하대학교
TEST_1257,인하대학교
TEST_1258,인하대학교
TEST_1259,인하대학교
TEST_1260,인하대학교
TEST_1261,인하대학교
TEST_1262,인하대학교
TEST_1263,인하대학교
TEST_1264,인하대학교
TEST_1265,인하대학교
TEST_1266,인하대학교
TEST_1267,인하대학교
TEST_1268,인하대학교
TEST_1269,인하대학교
TEST_1270,인하대학교
TEST_1271,인하대학교
TEST_1272,인하대학교
TEST_1273,인하대학교
TEST_1274,인하대학교
TEST_1275,인하대학교
TEST_1276,인하대학교
TEST_1277,인하대학교
TEST_1278,인하대학교
TEST_1279,인하대학교
TEST_1280,인하대학교
TEST_1281,인하대학교
TEST_1282,인하대학교
TEST_1283,인하대학교
TEST_1284,인하대학교
TEST_1285,인하대학교
TEST_1286,인하대학교
TEST_1287,인하대학교
TEST_1288,인하대학교
TEST_1289,인하대학교
TEST_1290,인하대학교
TEST_1291,인하대학교
TEST_1292,인하대학교
TEST_1293,인하대학교
TEST_1294,인하대학교
TEST_1295,인하대학교
TEST_1296,인하대학교
TEST_1297,인하대학교
TEST_1298,인하대학교
TEST_1299,인하대학교
TEST_1300,인하대학교
TEST_1301,인하대학교
TEST_1302,인하대학교
TEST_1303,인하대학교
TEST_1304,인하대학교
TEST_1305,인하대학교
TEST_1306,인하대학교
TEST_1307,인하대학교
TEST_1308,인하대학교
TEST_1309,인하대학교
TEST_1310,인하대학교
TEST_1311,인하대학교
TEST_1312,인하대학교
TEST_1313,인하대학교
TEST_1314,인하대학교
TEST_1315,인하대학교
TEST_1316,인하대학교
TEST_1317,인하대학교
TEST_1318,인하대학교
TEST_1319,인하대학교
TEST_1320,인하대학교
TEST_1321,인하대학교
TEST_1322,인하대학교
TEST_1323,인하대학교
TEST_1324,인하대학교
TEST_1325,인하대학교
TEST_1326,인하대학교
TEST_1327,인하대학교
TEST_1328,인하대학교
TEST_1329,인하대학교
TEST_1330,인하대학교
TEST_1331,인하대학교
TEST_1332,인하대학교
TEST_1333,인하대학교
TEST_1334,인하대학교
TEST_1335,인하대학교
TEST_1336,인하대학교
TEST_1337,인하대학교
TEST_1338,인하대학교
TEST_1339,인하대학교
TEST_1340,인하대학교
TEST_1341,인하대학교
TEST_1342,인하대학교
TEST_1343,인하대학교
TEST_1344,인하대학교
TEST_1345,인하대학교
TEST_1346,인하대학교
TEST_1347,인하대학교
TEST_1348,인하대학교
TEST_1349,인하대학교
TEST_1350,인하대학교
TEST_1351,인하대학교
TEST_1352,인하대학교
TEST_1353,인하대학교
TEST_1354,인하대학교
TEST_1355,인하대학교
TEST_1356,인하대학교
TEST_1357,인하대학교
TEST_1358,인하대학교
TEST_1359,인하대학교
TEST_1360,인하대학교
TEST_1361,인하대학교
TEST_1362,인하대학교
TEST_1363,인하대학교
TEST_1364,인하대학교
TEST_1365,인하대학교
TEST_1366,인하대학교
TEST_1367,인하대학교
TEST_1368,인하대학교
TEST_1369,인하대학교
TEST_1370,인하대학교
TEST_1371,인하대학교
TEST_1372,인하대학교
TEST_1373,인하대학교
TEST_1374,인하대학교
TEST_1375,인하대학교
TEST_1376,인하대학교
TEST_1377,인하대학교
TEST_1378,인하대학교
TEST_1379,인하대학교
TEST_1380,인하대학교
TEST_1381,인하대학교
TEST_1382,인하대학교
TEST_1383,인하대학교
TEST_1384,인하대학교
TEST_1385,인하대학교
TEST_1386,인하대학교
TEST_1387,인하대학교
TEST_1388,인하대학교
TEST_1389,인하대학교
TEST_1390,인하대학교
TEST_1391,인하대학교
TEST_1392,인하대학교
TEST_1393,인하대학교
TEST_1394,인하대학교
TEST_1395,인하대학교
TEST_1396,인하대학교
TEST_1397,인하대학교
TEST_1398,인하대학교
TEST_1399,인하대학교
TEST_1400,인하대학교
TEST_1401,인하대학교
TEST_1402,인하대학교
TEST_1403,인하대학교
TEST_1404,인하대학교
TEST_1405,인하대학교
TEST_1406,인하대학교
TEST_1407,인하대학교
TEST_1408,인하대학교
TEST_1409,인하대학교
TEST_1410,인하대학교
TEST_1411,인하대학교
TEST_1412,인하대학교
TEST_1413,인하대학교
TEST_1414,인하대학교
TEST_1415,인하대학교
TEST_1416,인하대학교
TEST_1417,인하대학교
TEST_1418,인하대학교
TEST_1419,인하대학교
TEST_1420,인하대학교
TEST_1421,인하대학교
TEST_1422,인하대학교
TEST_1423,인하대학교
TEST_1424,인하대학교
TEST_1425,인하대학교
TEST_1426,인하대학교
TEST_1427,인하대학교
TEST_1428,인하대학교
TEST_1429,인하대학교
TEST_1430,인하대학교
TEST_1431,인하대학교
TEST_1432,인하대학교
TEST_1433,인하대학교
TEST_1434,인하대학교
TEST_1435,인하대학교
TEST_1436,인하대학교
TEST_1437,인하대학교
TEST_1438,인하대학교
TEST_1439,인하대학교
TEST_1440,인하대학교
TEST_1441,인하대학교
TEST_1442,인하대학교
TEST_1443,인하대학교
TEST_1444,인하대학교
TEST_1445,인하대학교
TEST_1446,인하대학교
TEST_1447,인하대학교
TEST_1448,인하대학교
TEST_1449,인하대학교
TEST_1450,인하대학교
TEST_1451,인하대학교
TEST_1452,인하대학교
TEST_1453,인하대학교
TEST_1454,인하대학교
TEST_1455,인하대학교
TEST_1456,인하대학교
TEST_1457,인하대학교
TEST_1458,인하대학교
TEST_1459,인하대학교
TEST_1460,인하대학교
TEST_1461,인하대학교
TEST_1462,인하대학교
TEST_1463,인하대학교
TEST_1464,인하대학교
TEST_1465,인하대학교
TEST_1466,인하대학교
TEST_1467,인하대학교
TEST_1468,인하대학교
TEST_1469,인하대학교
TEST_1470,인하대학교
TEST_1471,인하대학교
TEST_1472,인하대학교
TEST_1473,인하대학교
TEST_1474,인하대학교
TEST_1475,인하대학교
TEST_1476,인하대학교
TEST_1477,인하대학교
TEST_1478,인하대학교
TEST_1479,인하대학교
TEST_1480,인하대학교
TEST_1481,인하대학교
TEST_1482,인하대학교
TEST_1483,인하대학교
TEST_1484,인하대학교
TEST_1485,인하대학교
TEST_1486,인하대학교
TEST_1487,인하대학교
TEST_1488,인하대학교
TEST_1489,인하대학교
TEST_1490,인하대학교
TEST_1491,인하대학교
TEST_1492,인하대학교
TEST_1493,인하대학교
TEST_1494,인하대학교
TEST_1495,인하대학교
TEST_1496,인하대학교
TEST_1497,인하대학교
TEST_1498,인하대학교
TEST_1499,인하대학교
TEST_1500,인하대학교
TEST_1501,인하대학교
TEST_1502,인하대학교
TEST_1503,인하대학교
TEST_1504,인하대학교
TEST_1505,인하대학교
TEST_1506,인하대학교
